{
  "protocol": "Experiment 2 (signal-level channel removal; features recomputed from corrupted signal; reservoir PCA refit on clean train). StratifiedGroupKFold(5) x seeds 42-46; subject-level bootstrap n_boot=4000",
  "note_eegnet": "EEGNet ingests the raw signal; its raw-dropout BA is in eegnet.json (clean 0.711, 30% dropout 0.554; +aug 0.674).",
  "BA": {
    "0.0": {
      "Band-power": {
        "BA": 0.49447077409162715,
        "ci95": [
          0.4597156398104265,
          0.5292259083728278
        ]
      },
      "ERP-window": {
        "BA": 0.6287519747235387,
        "ci95": [
          0.598736176935229,
          0.6619273301737757
        ]
      },
      "Reservoir": {
        "BA": 0.4802527646129542,
        "ci95": [
          0.44391785150078994,
          0.5165876777251185
        ]
      }
    },
    "0.1": {
      "Band-power": {
        "BA": 0.4755134281200632,
        "ci95": [
          0.44075829383886256,
          0.5102685624012638
        ]
      },
      "ERP-window": {
        "BA": 0.6018957345971564,
        "ci95": [
          0.5718799368088467,
          0.6350710900473934
        ]
      },
      "Reservoir": {
        "BA": 0.47077409162717226,
        "ci95": [
          0.4312796208530805,
          0.5086887835703001
        ]
      }
    },
    "0.2": {
      "Band-power": {
        "BA": 0.4470774091627172,
        "ci95": [
          0.41232227488151657,
          0.48183254344391785
        ]
      },
      "ERP-window": {
        "BA": 0.5892575039494471,
        "ci95": [
          0.5576619273301738,
          0.6208530805687205
        ]
      },
      "Reservoir": {
        "BA": 0.4802527646129542,
        "ci95": [
          0.4423380726698262,
          0.5197472353870457
        ]
      }
    },
    "0.3": {
      "Band-power": {
        "BA": 0.4170616113744076,
        "ci95": [
          0.3886255924170616,
          0.4486571879936809
        ]
      },
      "ERP-window": {
        "BA": 0.5355450236966824,
        "ci95": [
          0.5039494470774092,
          0.5671406003159557
        ]
      },
      "Reservoir": {
        "BA": 0.47393364928909953,
        "ci95": [
          0.4375987361769352,
          0.5102685624012638
        ]
      }
    },
    "0.4": {
      "Band-power": {
        "BA": 0.4470774091627172,
        "ci95": [
          0.4170616113744076,
          0.4770932069510269
        ]
      },
      "ERP-window": {
        "BA": 0.5229067930489731,
        "ci95": [
          0.4928909952606635,
          0.5529225908372827
        ]
      },
      "Reservoir": {
        "BA": 0.43285939968404424,
        "ci95": [
          0.39652448657187994,
          0.47077409162717226
        ]
      }
    },
    "0.5": {
      "Band-power": {
        "BA": 0.4502369668246446,
        "ci95": [
          0.4218009478672986,
          0.47871248025276475
        ]
      },
      "ERP-window": {
        "BA": 0.47393364928909953,
        "ci95": [
          0.4423380726698262,
          0.5039494470774092
        ]
      },
      "Reservoir": {
        "BA": 0.3949447077409163,
        "ci95": [
          0.36808846761453395,
          0.4202211690363349
        ]
      }
    }
  }
}