{
  "protocol": "StratifiedGroupKFold(5,shuffle) x seeds 42-46; train-only StandardScaler; balanced L2 logreg; subject-level bootstrap (211 subjects, 3 obs each) n_boot=4000",
  "clean_BA": {
    "Band-power": {
      "point": 0.4897314375987361,
      "ci95": [
        0.45339652448657186,
        0.5260663507109005
      ]
    },
    "ERP-window": {
      "point": 0.6287519747235387,
      "ci95": [
        0.5971563981042655,
        0.6603475513428121
      ]
    },
    "Reservoir": {
      "point": 0.4849921011058452,
      "ci95": [
        0.4470774091627172,
        0.5213270142180094
      ]
    }
  },
  "dropout_30": {
    "zero": {
      "Band-power": {
        "drop_BA": 0.4549763033175356,
        "drop_ci95": [
          0.4218009478672986,
          0.4897314375987361
        ],
        "clean_minus_drop": {
          "mean": 0.03522748815165876,
          "ci95": [
            -0.0016192733017377924,
            0.07266982622432866
          ]
        }
      },
      "ERP-window": {
        "drop_BA": 0.5355450236966824,
        "drop_ci95": [
          0.5039494470774092,
          0.5671406003159558
        ],
        "clean_minus_drop": {
          "mean": 0.09317259083728278,
          "ci95": [
            0.05845181674565558,
            0.12796208530805697
          ]
        }
      },
      "Reservoir": {
        "drop_BA": 0.49447077409162715,
        "drop_ci95": [
          0.45655608214849924,
          0.5308056872037915
        ],
        "clean_minus_drop": {
          "mean": -0.00933254344391785,
          "ci95": [
            -0.03633491311216425,
            0.01737756714060018
          ]
        }
      }
    },
    "mean": {
      "Band-power": {
        "drop_BA": 0.4802527646129542,
        "drop_ci95": [
          0.44391785150078994,
          0.5165876777251185
        ],
        "clean_minus_drop": {
          "mean": 0.009933254344391787,
          "ci95": [
            -0.022116903633491336,
            0.04423380726698267
          ]
        }
      },
      "ERP-window": {
        "drop_BA": 0.5781990521327014,
        "drop_ci95": [
          0.5450236966824645,
          0.6113744075829385
        ],
        "clean_minus_drop": {
          "mean": 0.05073973143759874,
          "ci95": [
            0.017377567140600455,
            0.08372827804107419
          ]
        }
      },
      "Reservoir": {
        "drop_BA": 0.4849921011058453,
        "drop_ci95": [
          0.44549763033175355,
          0.5213270142180094
        ],
        "clean_minus_drop": {
          "mean": 0.00015679304897314286,
          "ci95": [
            -0.02211690363349139,
            0.023696682464454943
          ]
        }
      }
    },
    "knn": {
      "Band-power": {
        "drop_BA": 0.5071090047393364,
        "drop_ci95": [
          0.4723538704581358,
          0.5434439178515008
        ],
        "clean_minus_drop": {
          "mean": -0.017108609794628752,
          "ci95": [
            -0.045813586097946335,
            0.012638230647709303
          ]
        }
      },
      "ERP-window": {
        "drop_BA": 0.6097946287519748,
        "drop_ci95": [
          0.5766192733017378,
          0.6445497630331753
        ],
        "clean_minus_drop": {
          "mean": 0.01885031595576619,
          "ci95": [
            -0.006319115323854763,
            0.04581358609794628
          ]
        }
      },
      "Reservoir": {
        "drop_BA": 0.5134281200631912,
        "drop_ci95": [
          0.47393364928909953,
          0.5498025276461297
        ],
        "clean_minus_drop": {
          "mean": -0.027800947867298576,
          "ci95": [
            -0.05529225908372837,
            0.0
          ]
        }
      }
    },
    "spatial": {
      "Band-power": {
        "drop_BA": 0.4786729857819905,
        "drop_ci95": [
          0.4454976303317535,
          0.5134281200631912
        ],
        "clean_minus_drop": {
          "mean": 0.011584123222748818,
          "ci95": [
            -0.017377567140600347,
            0.0426540284360189
          ]
        }
      },
      "ERP-window": {
        "drop_BA": 0.5892575039494471,
        "drop_ci95": [
          0.5576619273301738,
          0.6208530805687204
        ],
        "clean_minus_drop": {
          "mean": 0.039603080568720375,
          "ci95": [
            0.009478672985781866,
            0.06951026856240128
          ]
        }
      },
      "Reservoir": {
        "drop_BA": 0.49289099526066354,
        "drop_ci95": [
          0.45655608214849924,
          0.5276461295418642
        ],
        "clean_minus_drop": {
          "mean": -0.007714060031595578,
          "ci95": [
            -0.03321484992101116,
            0.017377567140600403
          ]
        }
      }
    }
  },
  "paired_ERPwindow_minus_Reservoir_30": {
    "zero": {
      "mean_diff": 0.0412259083728278,
      "ci95": [
        -0.003159557661927326,
        0.08688783570300157
      ],
      "P(ERPwindow>Reservoir)": 0.95925
    },
    "mean": {
      "mean_diff": 0.09314810426540283,
      "ci95": [
        0.05213270142180093,
        0.13586097946287518
      ],
      "P(ERPwindow>Reservoir)": 1.0
    },
    "knn": {
      "mean_diff": 0.09707977883096368,
      "ci95": [
        0.05525276461295407,
        0.14060031595576622
      ],
      "P(ERPwindow>Reservoir)": 1.0
    },
    "spatial": {
      "mean_diff": 0.09641390205371249,
      "ci95": [
        0.05529225908372826,
        0.1374407582938389
      ],
      "P(ERPwindow>Reservoir)": 1.0
    }
  },
  "curve_BA": {
    "Band-power": {
      "zero": {
        "10": 0.4770932069510268,
        "20": 0.44865718799368093,
        "30": 0.4549763033175356,
        "40": 0.45181674565560814,
        "50": 0.43601895734597157
      },
      "mean": {
        "10": 0.4802527646129542,
        "20": 0.4897314375987361,
        "30": 0.4802527646129542,
        "40": 0.48341232227488157,
        "50": 0.4597156398104265
      },
      "knn": {
        "10": 0.48815165876777256,
        "20": 0.5150078988941548,
        "30": 0.5071090047393364,
        "40": 0.48341232227488157,
        "50": 0.5118483412322276
      },
      "spatial": {
        "10": 0.48341232227488157,
        "20": 0.5055292259083729,
        "30": 0.4786729857819905,
        "40": 0.46129541864139023,
        "50": 0.4944707740916272
      }
    },
    "ERP-window": {
      "zero": {
        "10": 0.6018957345971564,
        "20": 0.5892575039494471,
        "30": 0.5355450236966824,
        "40": 0.5229067930489731,
        "50": 0.47393364928909953
      },
      "mean": {
        "10": 0.5876777251184834,
        "20": 0.5860979462875197,
        "30": 0.5781990521327014,
        "40": 0.5181674565560822,
        "50": 0.4976303317535544
      },
      "knn": {
        "10": 0.627172195892575,
        "20": 0.627172195892575,
        "30": 0.6097946287519748,
        "40": 0.60347551342812,
        "50": 0.60347551342812
      },
      "spatial": {
        "10": 0.6255924170616113,
        "20": 0.608214849921011,
        "30": 0.5892575039494471,
        "40": 0.5560821484992101,
        "50": 0.5181674565560822
      }
    },
    "Reservoir": {
      "zero": {
        "10": 0.47235387045813587,
        "20": 0.47235387045813587,
        "30": 0.49447077409162715,
        "40": 0.4802527646129542,
        "50": 0.46919431279620855
      },
      "mean": {
        "10": 0.46919431279620855,
        "20": 0.4723538704581358,
        "30": 0.4849921011058453,
        "40": 0.4770932069510268,
        "50": 0.47235387045813587
      },
      "knn": {
        "10": 0.4770932069510268,
        "20": 0.49289099526066354,
        "30": 0.5134281200631912,
        "40": 0.5134281200631912,
        "50": 0.5197472353870458
      },
      "spatial": {
        "10": 0.47393364928909953,
        "20": 0.47393364928909953,
        "30": 0.49289099526066354,
        "40": 0.48341232227488157,